program,url
Workindenmark/EURES,https://www.workindenmark.dk
Welcome September,https://www.odense.dk/ico/events/welcome-day
Young Professionals in Denmark,https://www.students.aau.dk/choices-along-the-way-and-jobs/gain-experience-while-you-study/young-professionals-in-denmark
SIRI Family Member Support,https://www.nyidanmark.dk/en-GB
Relocare Spouse Job Search,https://spousecare.dk/en/our-mission/
International House North Denmark,https://ihnd.dk
IHND Spouse Support (Spouse Space),https://ihnd.dk/spouse-space
European School Copenhagen,https://escph.dk
International Montessori School,https://internationalschools.dk/skoler/international-montessori-school-copenhagen/
Sankt Petri Skole,https://www.sanktpetriskole.dk/en/
Viking International School,https://www.vikinginternationalschool.dk/
Waldorf International School,https://waldorf.dk/en/
Aarhus International School,https://ais-aarhus.com/
Henriette Hørlücks Skole,https://www.hhs.dk/
Skipper Clement Skolen,https://www.skipperclementskolen.dk/
Esbjerg International School,https://www.eis.school/
Lolland International School,https://www.lollandinternationalschool.dk/
Bernadotteskolen,https://www.bernadotteskolen.dk/
International School of Hellerup,https://ish.dk/
Rygaards Skole,https://rygaards.com/
Prins Henriks skole,https://prinshenriksskole.dk/
Skt. Josef's International School,https://sktjosef.dk/international/
Sønderborg International School,https://sis.sonderborg.dk/
Viborg private Realskole,https://viborgprivaterealskole.dk/
International School of Billund, https://isbillund.com/
International School Ikast-Brande, https://www.isib.dk/
Copenhagen Career Program for Spouses,https://ihcph.kk.dk/job-career/copenhagen-career-program-0
International Community Aarhus,https://internationalcommunity.dk/
International Community Events,https://internationalcommunity.dk/
International Employment Unit (Aarhus),https://international.aarhus.dk/job/international-employment-unit/
Aarhus City Welcome,https://international.aarhus.dk/events/aarhus-city-welcome/
Aarhus City Welcome Events,https://international.aarhus.dk/events/aarhus-city-welcome/
Genlyd Aarhus, https://genlydaarhus.dk/internationals
AU Expat Partner Programme,https://international.au.dk/life/expat-partner-programme
International Community Odense,https://internationalcommunityodense.dk/
Host Programme (Odense),https://internationalcommunityodense.dk/host-programme
International Welcome Fund (Lolland),https://www.lolland.dk/borger/international-welcome-fund
Healthcare Professionals Program (Lolland),https://www.lolland.dk/borger/healthcare-professionals
Virksomhedsforum (Kalundborg),https://www.kalundborg.dk/erhverv/virksomhedsforum
Liv i Kalundborg,https://www.kalundborg.dk/borger/kultur-og-fritid/liv-i-kalundborg
International Policy Framework (Kolding),https://www.kolding.dk/erhverv/international-policy
Career Kick Start (UCPH),https://studies.ku.dk/masters/career-kick-start/
Greater Copenhagen Career Program,https://www.cphbusiness.dk/english/programmes-and-courses/greater-copenhagen-career-programme/
"Work & Study Programme (Computer Science, Aarhus)",https://cs.au.dk/education/work-and-study-programme
Talent to a Green Denmark,https://studenterhusaarhus.dk/en/talent-to-a-green-denmark/
AU Student Job Fair,https://studerende.au.dk/en/career/jobbank/job-fairs
Studenterhus Aarhus Social Programs,https://studenterhusaarhus.dk/en/
IT and Academic Job Fair (Odense),https://itjobfair.dk/
SDU Career Services,https://mitsdu.dk/en/mit_studie/karriere
Roskilde University Career Services,https://ruc.dk/en/career-guidance
SDU Spouse Support,https://mitsdu.dk/en/mit_studie/ny_i_danmark/familie
VIA University Partnerships,https://en.via.dk/about-via/partnerships
VIA University College Career Services,https://en.via.dk/student/career
LEGO Family Programme,https://www.lego.com/en-us/careers/working-at-the-lego-group/relocation
LEGO Family Onboarding,https://www.lego.com/en-us/careers/working-at-the-lego-group/relocation
CPH STAGE Festival,https://www.cphstage.dk/english/
Spousehouse Vejle,https://www.facebook.com/spousehousevejle/
International Dual Career Network (IDCN) Copenhagen,https://ism.ku.dk/dual-career/idcn_copenhagen/
Copenhagen Municipality Jobcenter for Internationals,https://international.kk.dk
A State of Denmark Job Portal,https://www.copcap.com/news-archive/launching-new-job-portal
UCPH and DTU Job Portals,https://www.ku.dk/studies/job-and-career
Young Professionals in Denmark (Greater CPH area),https://www.students.aau.dk
"Internship and Thesis Collaboration (CBS, DTU, UCPH)",https://www.dtu.dk
UCPH Buddy and Mentor Schemes,https://studies.ku.dk
"Student Job Guidance (KU, DTU)",https://studyindenmark.dk
"Corporate Onboarding Programs (e.g., Novo Nordisk)",https://www.novonordisk.com
University Clubs and Events (UCPH/CBS/DTU),https://student.dtu.dk
Copenhagen Cultural Partnerships,https://international.kk.dk/live/culture-and-leisure
Student Culture Passes,https://www.thecopenhagenbook.dk

